
INSERT INTO `NHA_XUAT_BAN` VALUES 
('NXB001','Nhà Xuất Bản Trẻ','161B Lý Chính Thắng; Phường 7; Quận 3; Thành phố Hồ Chí Minh','0283935162'),
('NXB002','Nhà xuất bản Tổng hợp thành phố Hồ Chí Minh','62 Nguyễn Thị Minh Khai, Phường Đa Kao, Quận 1, TP.HCM','0283825253'),
('NXB003','Nhà xuất bản chính trị quốc gia','Số 6/86 Duy Tân, Cầu Giấy, Hà Nội','0280495221'),
('NXB004','Nhà xuất bản thông tin và truyền thông','Tầng 6, Tòa nhà Cục Tần số Vô tuyến điện, số 115 Trần Duy Hưng, Hà Nội','0243577214'),
('NXB005','Nhà xuất bản lao động','175 Giảng Võ, Đống Đa, Hà Nội','0243851538'),
('NXB006','Nhà xuất bản giao thông vận tải',' 80B Trần Hưng Đạo, Hoàn Kiếm, Hà Nội','0243942334'),
('NXB007','Nhà xuất bản Kim Đồng','55 Quang Trung, Hai Bà Trưng, Hà Nội','0243943449'),
('NXB008','Nhà xuất bản Văn Học','18 Nguyễn Trường Tộ, P.Trúc Bạch, Ba Đình, Hà Nội','0437161518');

INSERT INTO `KHACH_HANG` VALUES ('KH0000002','khang','khang','Huỳnh Chí Khang','nam','1995-01-12','0123456782'),
('KH0000003','a','a','Trần Văn A','nam','2005-11-29','0362568963'),
('KH0000005','tc','tc','Trần Văn C','nam','2000-11-11','0123657256'),
('KH0000006','vc','vc','Nguyễn Thị C','nữ','1998-11-26','0123657312'),
('KH0000007','d','d','Nguyễn Thị D','nữ','1997-11-19','0123657100'),
('KH0000008','no','no','Lê Thi Nở','nữ','1996-11-20','0123657021'),
('KH0000009','an','an','Trần Tấn An','nam','1996-11-20','0123657221'),
('KH0000012','linh','linh','Nguyễn Ngọc Linh','nam','1998-11-20','0123651445');

INSERT INTO `THE_LOAI` VALUES 
('GT001','Giáo trình'),
('IF001','Công nghệ thông tin'),
('KH012','Khoa Học – Công Nghệ'),
('KT001','Kinh tế'),
('LS001','Lịch sử'),
('MG001','Manga - Comic'),
('TK001','Tham khảo'),
('TN102','Sách thiếu nhi'),
('TT023','Truyện Tranh'),
('VH001','Văn học nghệ thuật'),
('VH002','Văn hóa xã hội'),
('YH001','Y Học – Sức Khỏe');

INSERT INTO `SACH` VALUES 
('S00001','NHẬT KÝ NGUYÊN HỒNG','Nguyễn Thị Thanh Thư - Nguyễn Thị Nhã Nam','NXB001','VH001','Nhật Ký Nguyên Hồng của Nguyễn Thị Nhã Nam',25000,25,'H00001.jpg'),
('S00002','CHO TÔI XIN MỘT VÉ ĐI TUỔI THƠ','Nguyễn Nhật Ánh','NXB001','VH001','CHo Tôi Xin Một Vé Đi Tuổi Thơ của Nguyễn Nhật Ánh',30000,30,'H00002.jpg'),
('S00003','THỜI THANH XUÂN ĐÃ XA','Nguyễn Thị Thúy','NXB001','VH001','THỜI THANH XUÂN ĐÃ XA của Nguyễn Thị Thúy',35000,35,'H00003.jpg'),
('S00004','VĂN HÓA VÕ ĐẠO VIỆT NAM','Huỳnh Tuấn Kiệt - Nguyễn Văn Hiệu - Huỳnh Quốc Thắng','NXB002','VH002','VĂN HÓA VÕ ĐẠO VIỆT NAM của Huỳnh Tuấn Kiệt - Nguyễn Văn Hiệu - Huỳnh Quốc Thắng',25000,25,'H00004.jpg'),
('S00005','HỘI AN TRONG TÔI','Trần Hoàng Đức','NXB002','VH002','HỘI AN TRONG TÔI của Trần Hoàng Đức',37000,37,'H00005.jpg'),
('S00006','SÀI GÒN – GIA ĐỊNH – KÝ ỨC LỊCH SỬ VĂN HÓA','Huỳnh Ngọc Trảng','NXB002','VH002','SÀI GÒN – GIA ĐỊNH – KÝ ỨC LỊCH SỬ VĂN HÓA của Huỳnh Ngọc Trảng',26000,26,'H00006.jpg'),
('S00007','LẮNG NGHE NHƯ MỘT CHÚ CHÓ VÀ TẠO DẤU ẤN CỦA BẠN VỚI THẾ GIỚI','Jeff Lazarus','NXB001','KT001','LẮNG NGHE NHƯ MỘT CHÚ CHÓ VÀ TẠO DẤU ẤN CỦA BẠN VỚI THẾ GIỚI của Jeff Lazarus',30000,30,'H00007.jpg'),
('S00008','CHUYỆN MÈO XÁM SUÝT HÓA THÀNH CÁO BỤI ĐỜI','Hoàng Giáp Tôn','NXB002','TN102','CHUYỆN MÈO XÁM SUÝT HÓA THÀNH CÁO BỤI ĐỜI của Hoàng Giáp Tôn',25000,25,'H00008.jpg'),
('S00009','HỒ SƠ MẬT LẦU NĂM GÓC VÀ HỒI ỨC VỀ CHIẾN TRANH VIỆT NAM','Daniel Ellsberg','NXB003','TK001','HỒ SƠ MẬT LẦU NĂM GÓC VÀ HỒI ỨC VỀ CHIẾN TRANH VIỆT NAM của Daniel Ellsberg',30000,30,'H00009.jpg'),
('S00010','KỂ CHUYỆN LÝ THÁI TỔ','Hải Vy','NXB005','TN102','KỂ CHUYỆN LÝ THÁI TỔ của Hải Vy',25000,25,'H00010.jpg'),
('S00011','KÝ ỨC NGƯỜI LÍNH - TẬP 1','NHIỀU TÁC GIẢ','NXB004','VH002','KÝ ỨC NGƯỜI LÍNH - TẬP 1 của NHIỀU TÁC GIẢ',20000,20,'H00011.jpg'),
('S00012','Y LÂM CẢI THÁC','Vương Thanh Nhậm','NXB002','YH001','Y LÂM CẢI THÁC của Vương Thanh Nhậm',31000,31,'H00012.jpg'),
('S00013','CÔNG NGHỆ SẢN XUẤT VÀ LẮP RÁP Ô TÔ','Vũ Tuấn Đạt - Phạm Tất Thắng - Nguyễn Quang Cường','NXB006','KH012','CÔNG NGHỆ SẢN XUẤT VÀ LẮP RÁP Ô TÔ của Vũ Tuấn Đạt - Phạm Tất Thắng - Nguyễn Quang Cường',26000,26,'H00013.jpg'),
('S00014','THÁM TỬ LỪNG DANH CONAN','Gosho Aoyama','NXB007','MG001','THÁM TỬ LỪNG DANH CONAN của Gosho Aoyama',13000,13,'H00014.jpg'),
('S00015','DẾ MÈN PHIÊU LƯU KÝ','Tô Hoài','NXB007','VH001','DẾ MÈN PHIÊU LƯU KÝ của Tô Hoài',36000,36,'H00015.jpg'),
('S00016','BÚP SEN XANH','Sơn Tùng','NXB007','LS001','BÚP SEN XANH của Sơn Tùng',36000,36,'H00016.jpg'),
('S00017','ĐÁT RỪNG PHƯƠNG NAM','Đoàn Giỏi','NXB008','VH001','ĐÁT RỪNG PHƯƠNG NAM của Đoàn Giỏi',12000,12,'H00017.jpg'),
('S00018','DRAGON BALL SUPER','Akira Toriyama','NXB007','MG001','DRAGON BALL SUPER của Akira Toriyama',50000,50,'H00018.jpg'),
('S00019','ONCE PIECE','Eiichiro Oda','NXB007','MG001','ONCE PIECE của Eiichiro Oda',50000,50,'H00019.jpg'),
('S00020','DƯỚI BẦU TRỜI NGÀY HẠ','Xuân Huy -  Kỳ Muông','NXB002','VH001','DƯỚI BẦU TRỜI NGÀY HẠ của Xuân Huy -  Kỳ Muông',14000,14,'H00020.jpg'),
('S00021','TIẾP BƯỚC NGƯỜI ĐI TRƯỚC','Phạm Phương Thảo','NXB002','LS001','TIẾP BƯỚC NGƯỜI ĐI TRƯỚC của Phạm Phương Thảo',15000,15,'H00021.jpg'),
('S00022','MƯỜI NGÀY RUN CHUYỂN THẾ GIỚI','John Reed','NXB002','LS001','MƯỜI NGÀY RUN CHUYỂN THẾ GIỚI của John Reed',25000,25,'H00022.jpg'),
('S00023','SÁNG TẠO TRONG THUẬT TOÁN VÀ LẬP TRÌNH - TẬP 1','Nguyễn Xuân Huy','NXB004','IF001','SÁNG TẠO TRONG THUẬT TOÁN VÀ LẬP TRÌNH - TẬP 1 của Nguyễn Xuân Huy',25000,25,'H00023.jpg'),
('S00024','AN TOÀN THÔNG TIN','Lê Văn Phùng','NXB004','IF001','AN TOÀN THÔNG TIN của Lê Văn Phùng',14000,14,'H00024.jpg'),
('S00025','THƯƠNG MẠI ĐIỆN TỬ TRONG THỜI ĐẠI SỐ','Thái Thanh Sơn - Thái Thanh Tùng','NXB004','IF001','THƯƠNG MẠI ĐIỆN TỬ TRONG THỜI ĐẠI SỐ của Thái Thanh Sơn - Thái Thanh Tùng',14000,14,'H00025.jpg'),
('S00026','QUẢN LÝ DỰ ÁN CÔNG NGHỆ THÔNG TIN','Lê Văn Phùng - Trần Nguyên Hương - Lê Hương Giang','NXB004','IF001','QUẢN LÝ DỰ ÁN CÔNG NGHỆ THÔNG TIN của Lê Văn Phùng - Trần Nguyên Hương - Lê Hương Giang',25000,25,'H00026.jpg'),
('S00027','THIỆU BẢO BÌNH NGUYÊN - Tập 1','Hồng Thái','NXB001','LS001','THIỆU BẢO BÌNH NGUYÊN - Tập 1 của Hồng Thái',36000,36,'H00027.jpg'),
('S00028','Shin -  Cậu Bé Bút Chì','Yoshito Usui - Uy Studio','NXB007','MG001','Shin -  Cậu Bé Bút Chì của Yoshito Usui - Uy Studio',50000,50,'H00028.jpg'),
('S00029','LÝ THUYẾT SỐ VÀ CHUYÊN ĐỀ NÂNG CAO','Đàm Văn Nhỉ - Phạm Đức Hiệp - Lưu Bá Thắng - Trần Thị Hồng Dung - Trần Trung Tình - Văn Đức Chín','NXB004','GT001','LÝ THUYẾT SỐ VÀ CHUYÊN ĐỀ NÂNG CAO của Đàm Văn Nhỉ - Phạm Đức Hiệp - Lưu Bá Thắng - Trần Thị Hồng Dung - Trần Trung Tình - Văn Đức Chín',25000,25,'H00029.jpg');


INSERT INTO `TAC_GIA` VALUES 
('TG0001','Nguyễn Thị Thanh Thư'),
('TG0002','Nguyễn Nhật Ánh'),
('TG0003','Nguyễn Thị Thúy'),
('TG0004','Huỳnh Tuấn Kiệt '),
('TG0005','Trần Hoàng Đức'),
('TG0006','Huỳnh Ngọc Trảng'),
('TG0007','Phan Thùy Trang'),
('TG0008','Hoàng Giáp Tôn'),
('TG0009','Daniel Ellsberg'),
('TG0010','Hải Vy'),
('TG0011','NXB Thông Tin Và Truyền Thông'),
('TG0012','Vương Thanh Nhậm'),
('TG0013','TS. Vũ Tuấn Đạt'),
('TG0014','Gosho Aoyama'),
('TG0015',' Tô Hoài'),
('TG0016','Sơn Tùng'),
('TG0017','Đoàn Giỏi'),
('TG0018','Akira Toriyama Toyotarou'),
('TG0019','Eiichiro Oda'),
('TG0020','Xuân Huy – Kỳ Mông'),
('TG0021','Phạm Phương Thảo'),
('TG0022','John Reed'),
('TG0023','GS.TSKH Nguyễn Xuân Huy'),
('TG0024','TS. Lê Văn Phùng'),
('TG0025','Thái Thanh Sơn – Thái Thanh Tùng'),
('TG0026','TS. Lê Văn Phùng'),
('TG0027','Hồng Thái'),
('TG0028','Yoshito Usui'),
('TG0029',' Đàm Văn Nhỉ');



